<?xml version="1.0" encoding="UTF-8"?>
<project-private xmlns="http://www.netbeans.org/ns/project-private/1">
    <editor-bookmarks xmlns="http://www.netbeans.org/ns/editor-bookmarks/2" lastBookmarkId="0"/>
    <open-files xmlns="http://www.netbeans.org/ns/projectui-open-files/2">
        <group>
            <file>file:/C:/Users/USER/Documents/NetBeansProjects/20210801242_Anton%20Nurfendi_UAS_PBO/src/Toko/koneksi.java</file>
            <file>file:/C:/Users/USER/Documents/NetBeansProjects/20210801242_Anton%20Nurfendi_UAS_PBO/src/Toko/ListBarang.java</file>
            <file>file:/C:/Users/USER/Documents/NetBeansProjects/20210801242_Anton%20Nurfendi_UAS_PBO/src/Toko/Penjualan.java</file>
            <file>file:/C:/Users/USER/Documents/NetBeansProjects/20210801242_Anton%20Nurfendi_UAS_PBO/src/Toko/DataBarang.java</file>
            <file>file:/C:/Users/USER/Documents/NetBeansProjects/20210801242_Anton%20Nurfendi_UAS_PBO/src/Toko/MenuUtama.java</file>
        </group>
    </open-files>
</project-private>
